DateTime,Week-ahead Forecast [MW],Day-ahead forecast [MW],Most recent forecast [MW],Measured & upscaled [MW],Monitored Capacity [MW],Active Decremental Bids [yes/no],Day-ahead forecast(11h00) [MW]
2021-12-01 00:00:00,1466.06,3558.2,3536.08,3390.06,4670.829000000005,No,3508.03
2021-12-01 00:15:00,1510.05,3566.38,3544.98,3433.99,4670.829000000005,No,3518.98
2021-12-01 00:30:00,1442.41,3572.99,3554,3482.05,4670.829000000005,No,3527.87
2021-12-01 00:45:00,1458.09,3578.06,3562.79,3486.22,4670.829000000005,No,3535.23
2021-12-01 01:00:00,1493.55,3580.62,3501.62,3498.25,4670.829000000005,No,3540.6
2021-12-01 01:15:00,1527.75,3584.12,3508.91,3527.48,4670.829000000005,No,3545.43
2021-12-01 01:30:00,1564.66,3586.84,3523.27,3542.31,4670.829000000005,No,3549.86
2021-12-01 01:45:00,1584.73,3587.4,3537.87,3540.91,4670.829000000005,No,3551.93
2021-12-01 02:00:00,1597.2,3586.57,3536.58,3531.04,4670.829000000005,No,3548.69
2021-12-01 02:15:00,1626.16,3586.96,3545.37,3560.98,4670.829000000005,No,3550.17
2021-12-01 02:30:00,1646.24,3585.39,3559.29,3569.41,4670.829000000005,No,3555.08
2021-12-01 02:45:00,1666.73,3589.83,3576.97,3576.69,4670.829000000005,No,3558.78
2021-12-01 03:00:00,1684.34,3593.28,3616.85,3578.76,4670.829000000005,No,3562.67
2021-12-01 03:15:00,1692.7,3594.44,3626.73,3555.06,4670.829000000005,No,3568.08
2021-12-01 03:30:00,1645.53,3593.92,3633.92,3574.75,4670.829000000005,No,3571.24
2021-12-01 03:45:00,1661.75,3593.24,3641.88,3611.33,4670.829000000005,No,3575.32
2021-12-01 04:00:00,1689.73,3592.74,3649.54,3632.46,4670.829000000005,No,3581.01
2021-12-01 04:15:00,1718.64,3589.91,3653,3645.24,4670.829000000005,No,3583.23
2021-12-01 04:30:00,1737.09,3584.43,3653.01,3671.16,4670.829000000005,No,3583.96
2021-12-01 04:45:00,1742.29,3578.86,3651,3670.31,4670.829000000005,No,3583.67
2021-12-01 05:00:00,1752.03,3572.33,3626.52,3690.92,4670.829000000005,No,3582.92
2021-12-01 05:15:00,1770.89,3561.59,3619.66,3665.89,4670.829000000005,No,3578.64
2021-12-01 05:30:00,1790.34,3549.55,3608.75,3680.14,4670.829000000005,No,3571.57
2021-12-01 05:45:00,1814.69,3540.73,3599.1,3668.9,4670.829000000005,No,3566.26
2021-12-01 06:00:00,1822.16,3530.92,3605.44,3671.56,4670.829000000005,No,3558.46
2021-12-01 06:15:00,1847.95,3509.54,3580.14,3685.38,4670.829000000005,No,3545.96
2021-12-01 06:30:00,1816.9,3466.99,3556.58,3664.41,4670.829000000005,No,3531.29
2021-12-01 06:45:00,1827.65,3411.44,3530.17,3637.02,4670.829000000005,No,3512.42
2021-12-01 07:00:00,1823.45,3339.77,3530.37,3630.82,4670.829000000005,No,3443.3
2021-12-01 07:15:00,1832.92,3185.12,3473.8,3470.25,4670.829000000005,No,3415.63
2021-12-01 07:30:00,1810.03,3151.16,3405.64,3201.66,4670.829000000005,No,3431.49
2021-12-01 07:45:00,1805.75,3110.38,3351.45,2992.28,4670.829000000005,No,3356.59
2021-12-01 08:00:00,1812.87,3021.53,3401.73,2833.93,4670.829000000005,No,3286.25
2021-12-01 08:15:00,1826.97,2906.09,3315.81,2673.35,4670.829000000005,No,3186.53
2021-12-01 08:30:00,1834.89,2842.99,3244.61,2552.59,4670.829000000005,No,3140.91
2021-12-01 08:45:00,1849.5,2770.37,3129.4,2514.97,4670.829000000005,No,3100.29
2021-12-01 09:00:00,1830.85,2521.79,3061.22,2709.69,4670.829000000005,No,3030.05
2021-12-01 09:15:00,1792.95,2351.69,2961.3,2689.82,4670.829000000005,No,2950.62
2021-12-01 09:30:00,1829.37,2308.15,2858.41,2473.42,4670.829000000005,No,2951.71
2021-12-01 09:45:00,1878.9,2396.82,2768.11,2372.87,4670.829000000005,No,2889.18
2021-12-01 10:00:00,1935.28,2307.02,2846.54,2229.36,4670.829000000005,No,2778.18
2021-12-01 10:15:00,1973.7,1945.97,2776.36,2090.19,4670.829000000005,No,2648.91
2021-12-01 10:30:00,1996.86,1708.76,2721.96,2060.33,4670.829000000005,No,2513.45
2021-12-01 10:45:00,2025.06,1690.49,2637.24,1938.98,4670.829000000005,No,2293.89
2021-12-01 11:00:00,2052.46,1707.5,2618.81,1919.22,4670.829000000005,No,2067.14
2021-12-01 11:15:00,2100.28,1867.33,2545.71,1859.87,4670.829000000005,No,1836
2021-12-01 11:30:00,2136.02,1989.32,2481.54,1704.71,4670.829000000005,No,1643.27
2021-12-01 11:45:00,2189.7,1868.63,2415.22,1529.21,4670.829000000005,No,1512.59
2021-12-01 12:00:00,2246.5,1811.05,2332.57,1520.9,4670.829000000005,No,1423.23
2021-12-01 12:15:00,2293.3,1863.36,2251.86,1591.25,4670.829000000005,No,1392.95
2021-12-01 12:30:00,2329.94,1868.95,2179.32,1624.57,4670.829000000005,No,1426.8
2021-12-01 12:45:00,2356.37,1827.81,2119.02,1499.51,4670.829000000005,No,1516.91
2021-12-01 13:00:00,2359.8,1807.52,1836.45,1334.51,4670.829000000005,No,1734.09
2021-12-01 13:15:00,2372.04,1892.6,1834.95,1422.87,4670.829000000005,No,1921.19
2021-12-01 13:30:00,2392.35,2170.93,1852.51,1474.63,4670.829000000005,No,1856.44
2021-12-01 13:45:00,2400.25,2204.89,1871.68,1513.19,4670.829000000005,No,1740.16
2021-12-01 14:00:00,2381.39,2124.64,1877.35,1525.76,4670.829000000005,No,1657.72
2021-12-01 14:15:00,2383.57,2093.04,1904.07,1552.06,4670.829000000005,No,1575.36
2021-12-01 14:30:00,2398.62,1948.29,1922.47,1534.96,4670.829000000005,No,1586.13
2021-12-01 14:45:00,2410.71,1935.57,1951.75,1424.55,4670.829000000005,No,1661.53
2021-12-01 15:00:00,2449.37,2082.76,1944.73,1478.28,4670.829000000005,No,1654.98
2021-12-01 15:15:00,2456.61,2115.01,1975.84,1447.58,4670.829000000005,No,1506.01
2021-12-01 15:30:00,2487.34,2135.09,2010.49,1343.45,4670.829000000005,No,1333.72
2021-12-01 15:45:00,2514.29,2259.73,2049.03,1315.97,4670.829000000005,No,1211.78
2021-12-01 16:00:00,2545.9,2209.39,2087.35,1383.49,4670.829000000005,No,1164.59
2021-12-01 16:15:00,2574.45,2088.5,2118.24,1451.17,4670.829000000005,No,1180.81
2021-12-01 16:30:00,2584.74,2046.97,2122.4,1409.22,4670.829000000005,No,1206.79
2021-12-01 16:45:00,2557.15,2070.04,2123.32,1438.1,4670.829000000005,No,1234.86
2021-12-01 17:00:00,2549.51,2098.6,2058.95,1453.24,4670.829000000005,No,1256.14
2021-12-01 17:15:00,2557.55,2110.67,2031.62,1438.77,4670.829000000005,No,1278.88
2021-12-01 17:30:00,2549.72,2096.89,2018.41,1362.81,4670.829000000005,No,1288.3
2021-12-01 17:45:00,2494.1,2068.18,2013.68,1383.97,4670.829000000005,No,1287.05
2021-12-01 18:00:00,2445.49,1999.34,2017.5,1475.22,4670.829000000005,No,1291.03
2021-12-01 18:15:00,2398.67,1867.91,2030.31,1547.05,4670.829000000005,No,1316.65
2021-12-01 18:30:00,2341.64,1729.79,2032.35,1544.94,4670.829000000005,No,1358.64
2021-12-01 18:45:00,2347.95,1688.86,2024.89,1460.63,4670.829000000005,No,1397.71
2021-12-01 19:00:00,2305.69,1718.64,1608.55,1345.7,4670.829000000005,No,1394.61
2021-12-01 19:15:00,2322.68,1735.16,1579.37,1308.45,4670.829000000005,No,1333.69
2021-12-01 19:30:00,2310.43,1753.92,1533.14,1345.02,4670.829000000005,No,1249.84
2021-12-01 19:45:00,2243.92,1735.81,1493.49,1242.43,4670.829000000005,No,1176.98
2021-12-01 20:00:00,2211.25,1678.11,1426.64,1068.87,4670.829000000005,No,1112.63
2021-12-01 20:15:00,2198.27,1607.43,1378.75,1047.5,4670.829000000005,No,1074.01
2021-12-01 20:30:00,2201.15,1554.99,1333.75,1136.21,4670.829000000005,No,1060.73
2021-12-01 20:45:00,2198,1513.22,1294.12,1124.02,4670.829000000005,No,1059.99
2021-12-01 21:00:00,2206.33,1485.55,1220.08,1079.73,4670.829000000005,No,1056.26
2021-12-01 21:15:00,2219.6,1484.37,1188.64,1002.78,4670.829000000005,No,1039.39
2021-12-01 21:30:00,2237.46,1491.53,1159.27,942.8,4670.829000000005,No,1016.24
2021-12-01 21:45:00,2210.62,1502.14,1139.75,865.08,4670.829000000005,No,991.49
2021-12-01 22:00:00,2281.45,1528.64,1153.78,750.73,4670.829000000005,No,986.14
2021-12-01 22:15:00,2318.99,1553.96,1134.1,691.98,4670.829000000005,No,975.62
2021-12-01 22:30:00,2327.95,1560.3,1105.85,644.16,4670.829000000005,No,953.52
2021-12-01 22:45:00,2328.09,1545.91,1082.48,602.61,4670.829000000005,No,936.33
2021-12-01 23:00:00,2316.65,1510.65,1046.21,592.49,4670.829000000005,No,927.21
2021-12-01 23:15:00,2318.34,1464.67,1009.89,583.35,4670.829000000005,No,920.64
2021-12-01 23:30:00,2320.93,1416.61,976.02,562.18,4670.829000000005,No,911.37
2021-12-01 23:45:00,2313.58,1363.45,942.94,517.98,4670.829000000005,No,898.77
2021-01-13 00:00:00,2330.65,1592.89,887.77,493.7,4670.829000000005,No,1001.14
2021-01-13 00:15:00,2343.59,1525.17,880.59,519.27,4670.829000000005,No,1031.37
2021-01-13 00:30:00,2354.5,1481.67,882.1,559.85,4670.829000000005,No,1065.07
2021-01-13 00:45:00,2365.9,1469.98,893.78,594.09,4670.829000000005,No,1097.48
2021-01-13 01:00:00,2387.72,1467.14,811.22,586,4670.829000000005,No,1125.09
2021-01-13 01:15:00,2393.03,1449.4,829.11,604.49,4670.829000000005,No,1150.04
2021-01-13 01:30:00,2402.1,1429.42,862.45,625.73,4670.829000000005,No,1165.62
2021-01-13 01:45:00,2423.46,1434.38,908.39,654.43,4670.829000000005,No,1178.46
2021-01-13 02:00:00,2436.39,1444.88,922.15,747.89,4670.829000000005,No,1185.74
2021-01-13 02:15:00,2455.26,1458.72,980.5,796.66,4670.829000000005,No,1187.25
2021-01-13 02:30:00,2444.27,1480.79,1043.71,861.61,4670.829000000005,No,1199.16
2021-01-13 02:45:00,2461.98,1498.25,1128.52,948.01,4670.829000000005,No,1225.92
2021-01-13 03:00:00,2484.39,1519.49,1235.76,993.2,4670.829000000005,No,1257.37
2021-01-13 03:15:00,2506.14,1551.84,1334.51,1025.36,4670.829000000005,No,1292.69
2021-01-13 03:30:00,2535.65,1580.39,1422.65,1055.72,4670.829000000005,No,1331.22
2021-01-13 03:45:00,2583.4,1596.52,1504.36,1054.72,4670.829000000005,No,1374.53
2021-01-13 04:00:00,2606.53,1601.41,1577.4,1057.02,4670.829000000005,No,1416.17
2021-01-13 04:15:00,2628.87,1584.32,1640.47,1048.08,4670.829000000005,No,1458.14
2021-01-13 04:30:00,2625.35,1558.32,1689.69,988.43,4670.829000000005,No,1486.97
2021-01-13 04:45:00,2609.39,1558.34,1735.54,1006.36,4670.829000000005,No,1508.98
2021-01-13 05:00:00,2616.01,1581.42,1740.07,1049.12,4670.829000000005,No,1529.76
2021-01-13 05:15:00,2621.2,1590.1,1755.86,1092.12,4670.829000000005,No,1546.29
2021-01-13 05:30:00,2594.3,1581.01,1763.92,1142.4,4670.829000000005,No,1568
2021-01-13 05:45:00,2598.88,1583.62,1747.88,1174.32,4670.829000000005,No,1584.21
2021-01-13 06:00:00,2548.09,1602.99,1676.97,1201.17,4670.829000000005,No,1560.23
2021-01-13 06:15:00,2481.09,1627.74,1647.24,1177.01,4670.829000000005,No,1500.38
2021-01-13 06:30:00,2440.33,1636.92,1626.88,1141.71,4670.829000000005,No,1442.76
2021-01-13 06:45:00,2355.89,1623.39,1629.58,1145.64,4670.829000000005,No,1402.31
2021-01-13 07:00:00,2354.65,1580.41,1493.75,1132.86,4670.829000000005,No,1362.47
2021-01-13 07:15:00,2363.38,1525.13,1493.99,1158.44,4670.829000000005,No,1318.47
2021-01-13 07:30:00,2372.35,1479.17,1505.44,1201.92,4670.829000000005,No,1277.91
2021-01-13 07:45:00,2379.77,1455.96,1520.23,1265.17,4670.829000000005,No,1239.97
2021-01-13 08:00:00,2676.08,1448.13,1506.38,1293.48,4670.829000000005,No,1205.12
2021-01-13 08:15:00,2689.53,1438.91,1501.05,1282.25,4670.829000000005,No,1190.25
2021-01-13 08:30:00,2671.11,1433.53,1503.68,1251.27,4670.829000000005,No,1192.77
2021-01-13 08:45:00,2703.22,1447.89,1502.91,1207.02,4670.829000000005,No,1201.6
2021-01-13 09:00:00,2715.4,1464.34,1494.8,1328.55,4670.829000000005,No,1208.68
2021-01-13 09:15:00,2742.72,1466.09,1492.06,1343.29,4670.829000000005,No,1229.05
2021-01-13 09:30:00,2763.67,1499.44,1479.65,1310.56,4670.829000000005,No,1258.68
2021-01-13 09:45:00,2789.78,1509.44,1470.46,1246.83,4670.829000000005,No,1293.47
2021-01-13 10:00:00,2814.27,1496.9,1492.24,1244.15,4670.829000000005,No,1329.48
2021-01-13 10:15:00,2845.46,1446.59,1469.69,1246.59,4670.829000000005,No,1350.62
2021-01-13 10:30:00,2839.59,1427.29,1440.13,1227.92,4670.829000000005,No,1370.37
2021-01-13 10:45:00,2847.19,1433.77,1400.46,1082.56,4670.829000000005,No,1387.05
2021-01-13 11:00:00,2867.08,1428.82,1387.45,955.2,4670.829000000005,No,1385.82
2021-01-13 11:15:00,2853.5,1414.46,1326.29,970.31,4670.829000000005,No,1379.47
2021-01-13 11:30:00,2856.99,1345.11,1262.12,928.54,4670.829000000005,No,1360.3
2021-01-13 11:45:00,2883.29,1306.8,1198.2,885.23,4670.829000000005,No,1332.78
2021-01-13 12:00:00,2877.72,1282.98,1200.13,829.63,4670.829000000005,No,1303.97
2021-01-13 12:15:00,2867.69,1255.26,1152.12,771.21,4670.829000000005,No,1280.26
2021-01-13 12:30:00,2851.88,1212.84,1122.08,763.98,4670.829000000005,No,1261.74
2021-01-13 12:45:00,2824.7,1153.34,1104.06,760.02,4670.829000000005,No,1259.05
2021-01-13 13:00:00,2792.61,1063.21,1057.88,753.42,4670.829000000005,No,1265.96
2021-01-13 13:15:00,2779.37,979.7,1031.3,774.28,4670.829000000005,No,1259.04
2021-01-13 13:30:00,2765.31,939.11,1026.03,740.73,4670.829000000005,No,1229.59
2021-01-13 13:45:00,2743.53,897.23,1020.57,727.82,4670.829000000005,No,1194.84
2021-01-13 14:00:00,2708.9,824.48,1070.91,672.41,4670.829000000005,No,1171.38
2021-01-13 14:15:00,2716.4,759.64,1068.1,628.76,4670.829000000005,No,1142.98
2021-01-13 14:30:00,2705.06,698.49,1068.42,559.59,4670.829000000005,No,1108.58
2021-01-13 14:45:00,2725.12,657.49,1072.27,514.02,4670.829000000005,No,1067.98
2021-01-13 15:00:00,2759.19,612.5,1117.24,498.28,4670.829000000005,No,1036.01
2021-01-13 15:15:00,2760.11,626.79,1131.09,454.73,4670.829000000005,No,1009.04
2021-01-13 15:30:00,2796.59,631.28,1136.3,436.99,4670.829000000005,No,970.86
2021-01-13 15:45:00,2832.89,672.06,1141.83,394.83,4670.829000000005,No,926.15
2021-01-13 16:00:00,2855.54,676.12,1178.97,366.59,4670.829000000005,No,886.56
2021-01-13 16:15:00,2857.9,647.65,1184.21,362.3,4670.829000000005,No,855.99
2021-01-13 16:30:00,2868.09,625.05,1182.76,383.58,4670.829000000005,No,826.17
2021-01-13 16:45:00,2849.99,606.14,1179.7,459.01,4670.829000000005,No,801.41
2021-01-13 17:00:00,2829.88,567.47,1115.14,530.38,4670.829000000005,No,778.21
2021-01-13 17:15:00,2824.66,559.02,1106.81,509.66,4670.829000000005,No,753.52
2021-01-13 17:30:00,2798.16,554.43,1098.87,497.21,4670.829000000005,No,728.43
2021-01-13 17:45:00,2832.23,537.3,1086.54,518.85,4670.829000000005,No,705.25
2021-01-13 18:00:00,2800.7,529.65,1020.3,531.57,4670.829000000005,No,688.4
2021-01-13 18:15:00,2805.84,530.67,994.79,444.39,4670.829000000005,No,666.1
2021-01-13 18:30:00,2793.01,531.46,963.53,387.39,4670.829000000005,No,642.73
2021-01-13 18:45:00,2749.15,534.53,937.01,414.97,4670.829000000005,No,627.35
2021-01-13 19:00:00,2739.01,540.81,673.62,425.7,4670.829000000005,No,626.81
2021-01-13 19:15:00,2714.14,532.69,664.9,477.74,4670.829000000005,No,634.94
2021-01-13 19:30:00,2697.39,517.92,648.74,445.36,4670.829000000005,No,644.71
2021-01-13 19:45:00,2674.49,532.84,632.07,421.7,4670.829000000005,No,655.39
2021-01-13 20:00:00,2639.52,532.58,574.71,422.45,4670.829000000005,No,660.15
2021-01-13 20:15:00,2655.8,519.35,542.62,361.29,4670.829000000005,No,655.63
2021-01-13 20:30:00,2664.13,496.19,508.66,344.12,4670.829000000005,No,642.56
2021-01-13 20:45:00,2660.43,459.19,484.54,374.66,4670.829000000005,No,622.87
2021-01-13 21:00:00,2635.07,427.67,459.79,419.64,4670.829000000005,No,599.85
2021-01-13 21:15:00,2596.19,397.52,439.54,439.92,4670.829000000005,No,586.5
2021-01-13 21:30:00,2588.64,362.53,429.5,402.52,4670.829000000005,No,582.07
2021-01-13 21:45:00,2606.51,343.37,425.61,353.05,4670.829000000005,No,579.94
2021-01-13 22:00:00,2613.61,324.66,463.54,322.3,4670.829000000005,No,576.46
2021-01-13 22:15:00,2621.16,287.89,458.46,344.72,4670.829000000005,No,569.91
2021-01-13 22:30:00,2599.99,270.72,440.67,360.88,4670.829000000005,No,558.11
2021-01-13 22:45:00,2579.27,238.59,420,361.98,4670.829000000005,No,540.76
2021-01-13 23:00:00,2553.19,218.81,394.71,336.3,4670.829000000005,No,521.9
2021-01-13 23:15:00,2525,206.18,363.63,333.25,4670.829000000005,No,498.91
2021-01-13 23:30:00,2492.51,202.62,343.76,324.99,4670.829000000005,No,488.21
2021-01-13 23:45:00,2495.69,200.61,301.26,268.98,4670.829000000005,No,476.18
2021-01-14 00:00:00,1824.69,438.5,269.25,241.07,4670.829000000005,No,224.1
2021-01-14 00:15:00,1848.13,387.78,245.47,249.98,4670.829000000005,No,211.19
2021-01-14 00:30:00,1849.97,350.21,236.7,197.9,4670.829000000005,No,193.51
2021-01-14 00:45:00,1850.64,323.38,227.59,166.15,4670.829000000005,No,181.39
2021-01-14 01:00:00,1849.87,279.36,176.06,133.69,4670.829000000005,No,166.85
2021-01-14 01:15:00,1882.18,262.12,159.96,122.42,4670.829000000005,No,153.04
2021-01-14 01:30:00,1915.93,240.33,140.84,157.66,4670.829000000005,No,140.18
2021-01-14 01:45:00,1947.31,203.84,127.04,229.48,4670.829000000005,No,124.59
2021-01-14 02:00:00,1931.38,180.59,106.19,148.66,4670.829000000005,No,104.21
2021-01-14 02:15:00,1965.66,162.49,93.65,80.59,4670.829000000005,No,89.98
2021-01-14 02:30:00,1964.05,146.51,80.94,69,4670.829000000005,No,80.84
2021-01-14 02:45:00,1951.85,136.13,74.76,53.4,4670.829000000005,No,72.88
2021-01-14 03:00:00,2034.96,127.93,75.13,51.53,4670.829000000005,No,66.23
2021-01-14 03:15:00,2105.75,121.62,76.2,50.2,4670.829000000005,No,61.22
2021-01-14 03:30:00,2114.2,116.57,77.56,52.09,4670.829000000005,No,58.01
2021-01-14 03:45:00,2076.82,113.37,82.42,52.46,4670.829000000005,No,57.1
2021-01-14 04:00:00,2054.57,113.41,100.38,47.83,4670.829000000005,No,59.29
2021-01-14 04:15:00,2037.82,111.81,106.04,44.5,4670.829000000005,No,60.95
2021-01-14 04:30:00,2027.8,117.11,109.79,39.87,4670.829000000005,No,68.44
2021-01-14 04:45:00,2017.3,295.39,113.93,35.24,4670.829000000005,No,78
2021-01-14 05:00:00,2025.83,516.35,102.5,30.32,4670.829000000005,No,99.47
2021-01-14 05:15:00,2002.81,645.68,109.69,24.99,4670.829000000005,No,123.43
2021-01-14 05:30:00,1944.36,756.89,115.84,25.62,4670.829000000005,No,153.22
2021-01-14 05:45:00,1888.8,904.9,203.13,187.09,4670.829000000005,No,175.82
2021-01-14 06:00:00,1859.73,1087.62,603.14,774.1,4670.829000000005,No,240
2021-01-14 06:15:00,1881.65,1265.35,1108.09,1243.43,4670.829000000005,No,374.88
2021-01-14 06:30:00,1832.82,1393.85,1447.31,1307.39,4670.829000000005,No,648.72
2021-01-14 06:45:00,1821.78,1442.17,1632.37,1109.26,4670.829000000005,No,1008.92
2021-01-14 07:00:00,1868.07,1460.31,1505.05,1039.36,4670.829000000005,No,1423.54
2021-01-14 07:15:00,1882.96,1440.95,1569.3,1124.08,4670.829000000005,No,1833.78
2021-01-14 07:30:00,1896.29,1416.06,1680.75,1116.36,4670.829000000005,No,2014.51
2021-01-14 07:45:00,1905.1,1459.74,1723.99,1071.31,4670.829000000005,No,1999.55
2021-01-14 08:00:00,2153.66,1559.45,1734.27,1038.81,4670.829000000005,No,2035.47
2021-01-14 08:15:00,2187.12,1662.29,1769.05,951.24,4670.829000000005,No,2123.13
2021-01-14 08:30:00,2138.99,1719.65,1809.43,950,4670.829000000005,No,2238.88
2021-01-14 08:45:00,2179.71,1763.87,1844.89,1029.59,4670.829000000005,No,2310.73
2021-01-14 09:00:00,2272.74,1855.64,1841.73,1112.97,4670.829000000005,No,2311.41
2021-01-14 09:15:00,2239.9,1899.33,1907.84,1216.05,4670.829000000005,No,2282.28
2021-01-14 09:30:00,2275.6,1936.59,1992.23,1379.92,4670.829000000005,No,2275.96
2021-01-14 09:45:00,2382.37,1989.64,2035.69,1445.34,4670.829000000005,No,2327.5
2021-01-14 10:00:00,2371.46,2024.55,2146.19,1493.09,4670.829000000005,No,2360.05
2021-01-14 10:15:00,2363.63,2086.06,2206.6,1590.17,4670.829000000005,No,2387.96
2021-01-14 10:30:00,2408.15,2160.82,2262.6,1690.66,4670.829000000005,No,2405.11
2021-01-14 10:45:00,2389.61,2190.33,2355.45,1804.96,4670.829000000005,No,2421.11
2021-01-14 11:00:00,2323.09,2216.07,2320.84,1918.42,4670.829000000005,No,2389.07
2021-01-14 11:15:00,2270.05,2213.79,2379.53,2016.16,4670.829000000005,No,2393.68
2021-01-14 11:30:00,2240.15,2260.13,2424.54,2018.27,4670.829000000005,No,2412.07
2021-01-14 11:45:00,2220.07,2306.72,2429.17,2025.44,4670.829000000005,No,2420.37
2021-01-14 12:00:00,2206.82,2312.56,2410.36,2015.03,4670.829000000005,No,2419.97
2021-01-14 12:15:00,2185.64,2325.58,2458.28,1995.05,4670.829000000005,No,2434.22
2021-01-14 12:30:00,2220.63,2361.33,2492.76,1944.7,4670.829000000005,No,2448.15
2021-01-14 12:45:00,2251.79,2375.34,2525.81,1891,4670.829000000005,No,2455.93
2021-01-14 13:00:00,2277.97,2378.91,2475.72,1804.58,4670.829000000005,No,2461.55
2021-01-14 13:15:00,2292.4,2378.17,2485.01,1757.62,4670.829000000005,No,2470.11
2021-01-14 13:30:00,2287.26,2379.56,2506.62,1861.62,4670.829000000005,No,2473.65
2021-01-14 13:45:00,2294.87,2380.72,2524.11,2086.39,4670.829000000005,No,2475.75
2021-01-14 14:00:00,2294.87,2378.79,2465.2,2322.09,4670.829000000005,No,2471.09
2021-01-14 14:15:00,2316.66,2374.44,2470.75,2464.11,4670.829000000005,No,2487.99
2021-01-14 14:30:00,2328.63,2354.22,2502,2486.57,4670.829000000005,No,2481.87
2021-01-14 14:45:00,2338.77,2391.28,2526.53,2506.42,4670.829000000005,No,2483.44
2021-01-14 15:00:00,2337.23,2372.62,2524.55,,4670.829000000005,No,2492.25
2021-01-14 15:15:00,2357.5,2339.28,2575.94,,4670.829000000005,No,2514.69
2021-01-14 15:30:00,2405.76,2341.72,2595.35,,4670.829000000005,No,2537.8
2021-01-14 15:45:00,2434.43,2337.61,2632.4,,4670.829000000005,No,2558.62
2021-01-14 16:00:00,2479.42,2350,2682.89,,4670.829000000005,No,2588.21
2021-01-14 16:15:00,2508.06,2361.56,2721.64,,4670.829000000005,No,2618.03
2021-01-14 16:30:00,2498.94,2446.79,2754.85,,4670.829000000005,No,2658.19
2021-01-14 16:45:00,2499.29,2497.86,2789.16,,4670.829000000005,No,2679.63
2021-01-14 17:00:00,2489.65,2542.94,2808.73,,4670.829000000005,No,2705.76
2021-01-14 17:15:00,2459.21,2550.07,2820.79,,4670.829000000005,No,2731.45
2021-01-14 17:30:00,2439.75,2557.14,2831.36,,4670.829000000005,No,2754.15
2021-01-14 17:45:00,2423.47,2607.3,2815.04,,4670.829000000005,No,2774.76
2021-01-14 18:00:00,2402.47,2632.69,2867.91,,4670.829000000005,No,2790.81
2021-01-14 18:15:00,2387.51,2650.39,2905.69,,4670.829000000005,No,2796.88
2021-01-14 18:30:00,2379.09,2684.32,2915.83,,4670.829000000005,No,2800.6
2021-01-14 18:45:00,2398.52,2696.94,2928.77,,4670.829000000005,No,2801.33
2021-01-14 19:00:00,2406.72,2704.08,2921.96,,4670.829000000005,No,2798.41
2021-01-14 19:15:00,2354.8,2714.33,2927.52,,4670.829000000005,No,2795.12
2021-01-14 19:30:00,2313.05,2712.89,2915.98,,4670.829000000005,No,2785.87
2021-01-14 19:45:00,2292.16,2702.47,2904.36,,4670.829000000005,No,2760.91
2021-01-14 20:00:00,2252.67,2686.89,2874.03,,4670.829000000005,No,2743.56
2021-01-14 20:15:00,2234.83,2680.41,2889.73,,4670.829000000005,No,2731.83
2021-01-14 20:30:00,2211.19,2659.41,2860.56,,4670.829000000005,No,2735.25
2021-01-14 20:45:00,2189.09,2637.88,2863.96,,4670.829000000005,No,2719.22
2021-01-14 21:00:00,2176.89,2626.39,2831.72,,4670.829000000005,No,2708.46
2021-01-14 21:15:00,2132.43,2631.7,2818.95,,4670.829000000005,No,2691.81
2021-01-14 21:30:00,2090.65,2604.83,2814.4,,4670.829000000005,No,2705.54
2021-01-14 21:45:00,2057.94,2585.08,2804.52,,4670.829000000005,No,2704.01
2021-01-14 22:00:00,2038.49,2574.47,2789.53,,4670.829000000005,No,2681.75
2021-01-14 22:15:00,2016.11,2549.54,2753.46,,4670.829000000005,No,2665.71
2021-01-14 22:30:00,1985.76,2537.92,2725.03,,4670.829000000005,No,2662.93
2021-01-14 22:45:00,1996.83,2549.62,2704.42,,4670.829000000005,No,2652.89
2021-01-14 23:00:00,2053.94,2505.67,2666.32,,4670.829000000005,No,2634.63
2021-01-14 23:15:00,2099.07,2463.21,2641.77,,4670.829000000005,No,2617.72
2021-01-14 23:30:00,2139.13,2447.65,2606.24,,4670.829000000005,No,2614.45
2021-01-14 23:45:00,2149.74,2412.18,2528.34,,4670.829000000005,No,2599.08
2021-01-15 00:00:00,1204.52,,2504.45,,4670.829000000005,No,2573.83
2021-01-15 00:15:00,1226.98,,2457.85,,4670.829000000005,No,2517.4
2021-01-15 00:30:00,1252.3,,2424.25,,4670.829000000005,No,2481.83
2021-01-15 00:45:00,1275.25,,2374.46,,4670.829000000005,No,2450.8
2021-01-15 01:00:00,1292.05,,2341.02,,4670.829000000005,No,2416.85
2021-01-15 01:15:00,1236.34,,2308.64,,4670.829000000005,No,2383.64
2021-01-15 01:30:00,1226.11,,2308.51,,4670.829000000005,No,2325.94
2021-01-15 01:45:00,1217.48,,2291.16,,4670.829000000005,No,2248.38
2021-01-15 02:00:00,1167.45,,2261.07,,4670.829000000005,No,2166.78
2021-01-15 02:15:00,1139.92,,2213.08,,4670.829000000005,No,2057.69
2021-01-15 02:30:00,1120.04,,2119.01,,4670.829000000005,No,2007.27
2021-01-15 02:45:00,1124.03,,2027.77,,4670.829000000005,No,1941.33
2021-01-15 03:00:00,1095.28,,1894.31,,4670.829000000005,No,1860.7
2021-01-15 03:15:00,1022.38,,1778.23,,4670.829000000005,No,1810.12
2021-01-15 03:30:00,1010.01,,1678.36,,4670.829000000005,No,1790.92
2021-01-15 03:45:00,1036.45,,1632.24,,4670.829000000005,No,1775.27
2021-01-15 04:00:00,1071.69,,1613.34,,4670.829000000005,No,1780.31
2021-01-15 04:15:00,1042.01,,1582.13,,4670.829000000005,No,1791.14
2021-01-15 04:30:00,1042.5,,1547.57,,4670.829000000005,No,1821.76
2021-01-15 04:45:00,1065.19,,1554.28,,4670.829000000005,No,1861.83
2021-01-15 05:00:00,1097.4,,1604.73,,4670.829000000005,No,1902.02
2021-01-15 05:15:00,1111.43,,1637.3,,4670.829000000005,No,1885.96
2021-01-15 05:30:00,1116.87,,1617.75,,4670.829000000005,No,1782.67
2021-01-15 05:45:00,1109.4,,1553.16,,4670.829000000005,No,1651.27
2021-01-15 06:00:00,1104.14,,1468.07,,4670.829000000005,No,1555.37
2021-01-15 06:15:00,1095.16,,1365.49,,4670.829000000005,No,1478.56
2021-01-15 06:30:00,1084.99,,1281.6,,4670.829000000005,No,1364.33
2021-01-15 06:45:00,1092.44,,1202.78,,4670.829000000005,No,1239.96
2021-01-15 07:00:00,1095.47,,1124.38,,4670.829000000005,No,1134.49
2021-01-15 07:15:00,1098.25,,1041.4,,4670.829000000005,No,1046.97
2021-01-15 07:30:00,1123.29,,951.82,,4670.829000000005,No,978.31
2021-01-15 07:45:00,1153.88,,895.84,,4670.829000000005,No,916.76
2021-01-15 08:00:00,1077.53,,844.91,,4670.829000000005,No,853.82
2021-01-15 08:15:00,1055.68,,771.38,,4670.829000000005,No,789.86
2021-01-15 08:30:00,1065.97,,694.54,,4670.829000000005,No,714.15
2021-01-15 08:45:00,1079.83,,619.47,,4670.829000000005,No,633.09
2021-01-15 09:00:00,1104.62,,534.82,,4670.829000000005,No,545.62
2021-01-15 09:15:00,1131.03,,448.32,,4670.829000000005,No,461.91
2021-01-15 09:30:00,1160.01,,372.51,,4670.829000000005,No,395.34
2021-01-15 09:45:00,1191.99,,326.1,,4670.829000000005,No,344.33
2021-01-15 10:00:00,1229.99,,301.62,,4670.829000000005,No,298.47
2021-01-15 10:15:00,1250.17,,287.45,,4670.829000000005,No,252.95
2021-01-15 10:30:00,1244.72,,254.4,,4670.829000000005,No,197.46
2021-01-15 10:45:00,1205.64,,201.97,,4670.829000000005,No,167.79
2021-01-15 11:00:00,1188.97,,181.02,,4670.829000000005,No,136.95
2021-01-15 11:15:00,1167.21,,165.45,,4670.829000000005,No,122.17
2021-01-15 11:30:00,1144.47,,147.15,,4670.829000000005,No,113.44
2021-01-15 11:45:00,1128.37,,136.21,,4670.829000000005,No,108.81
2021-01-15 12:00:00,1123.24,,129.99,,4670.829000000005,No,104.51
2021-01-15 12:15:00,1115.69,,117.33,,4670.829000000005,No,99.4
2021-01-15 12:30:00,1086.98,,105.96,,4670.829000000005,No,96.57
2021-01-15 12:45:00,1120.99,,103.63,,4670.829000000005,No,93.92
2021-01-15 13:00:00,1141.13,,101.15,,4670.829000000005,No,91.16
2021-01-15 13:15:00,1124.25,,98.07,,4670.829000000005,No,88.04
2021-01-15 13:30:00,1106.77,,94.66,,4670.829000000005,No,84.62
2021-01-15 13:45:00,1073.5,,90.14,,4670.829000000005,No,80.39
2021-01-15 14:00:00,1066.63,,83.68,,4670.829000000005,No,74.63
2021-01-15 14:15:00,1053.98,,78.9,,4670.829000000005,No,70.19
2021-01-15 14:30:00,1060.75,,75.21,,4670.829000000005,No,66.69
2021-01-15 14:45:00,1040.28,,71.56,,4670.829000000005,No,64.68
2021-01-15 15:00:00,1010.89,,68.03,,4670.829000000005,No,59.27
2021-01-15 15:15:00,1004.84,,64.96,,4670.829000000005,No,56.26
2021-01-15 15:30:00,1013.11,,62.41,,4670.829000000005,No,53.98
2021-01-15 15:45:00,1006.4,,60.63,,4670.829000000005,No,52.56
2021-01-15 16:00:00,1034.6,,59.83,,4670.829000000005,No,52.23
2021-01-15 16:15:00,1010.75,,58.54,,4670.829000000005,No,77.26
2021-01-15 16:30:00,1020.65,,57.18,,4670.829000000005,No,91.66
2021-01-15 16:45:00,1051.9,,56.56,,4670.829000000005,No,100.08
2021-01-15 17:00:00,1042.04,,56.63,,4670.829000000005,No,95.13
2021-01-15 17:15:00,1030.04,,55.87,,4670.829000000005,No,73.3
2021-01-15 17:30:00,1016.26,,54.64,,4670.829000000005,No,59.82
2021-01-15 17:45:00,994.92,,53.4,,4670.829000000005,No,56.93
2021-01-15 18:00:00,961.77,,51.9,,4670.829000000005,No,55.47
2021-01-15 18:15:00,929.47,,50.32,,4670.829000000005,No,55.3
2021-01-15 18:30:00,898.97,,48.71,,4670.829000000005,No,53.93
2021-01-15 18:45:00,876.46,,46.9,,4670.829000000005,No,52.42
2021-01-15 19:00:00,884.05,,44.66,,4670.829000000005,No,46.62
2021-01-15 19:15:00,880.87,,42.64,,4670.829000000005,No,46.07
2021-01-15 19:30:00,866.03,,40.96,,4670.829000000005,No,45.51
2021-01-15 19:45:00,851.46,,39.9,,4670.829000000005,No,45.07
2021-01-15 20:00:00,833.76,,37.46,,4670.829000000005,No,44.53
2021-01-15 20:15:00,821.77,,34.45,,4670.829000000005,No,43.92
2021-01-15 20:30:00,814.59,,32.97,,4670.829000000005,No,43.48
2021-01-15 20:45:00,815.55,,31.28,,4670.829000000005,No,44.74
2021-01-15 21:00:00,819.95,,29.3,,4670.829000000005,No,45.83
2021-01-15 21:15:00,832.52,,27.97,,4670.829000000005,No,47.6
2021-01-15 21:30:00,836.01,,28.3,,4670.829000000005,No,47.9
2021-01-15 21:45:00,829.69,,29.34,,4670.829000000005,No,48.6
2021-01-15 22:00:00,827.64,,30.78,,4670.829000000005,No,53.92
2021-01-15 22:15:00,822.79,,33.49,,4670.829000000005,No,52.7
2021-01-15 22:30:00,821.35,,36.96,,4670.829000000005,No,54.6
2021-01-15 22:45:00,811.72,,40.34,,4670.829000000005,No,62.79
2021-01-15 23:00:00,801.98,,58.02,,4670.829000000005,No,65.56
2021-01-15 23:15:00,825.34,,64.33,,4670.829000000005,No,68.87
2021-01-15 23:30:00,839.92,,77.47,,4670.829000000005,No,80.83
2021-01-15 23:45:00,855.22,,94.53,,4670.829000000005,No,102.06
2021-01-16 00:00:00,951.66,,119.01,,4670.829000000005,No,
2021-01-16 00:15:00,951.11,,157.25,,4670.829000000005,No,
2021-01-16 00:30:00,939.75,,211.65,,4670.829000000005,No,
2021-01-16 00:45:00,941.07,,279.45,,4670.829000000005,No,
2021-01-16 01:00:00,950.64,,336.74,,4670.829000000005,No,
2021-01-16 01:15:00,971.09,,353.06,,4670.829000000005,No,
2021-01-16 01:30:00,1000.61,,357.11,,4670.829000000005,No,
2021-01-16 01:45:00,1008.65,,382.06,,4670.829000000005,No,
2021-01-16 02:00:00,1006.27,,428.54,,4670.829000000005,No,
2021-01-16 02:15:00,1006.77,,461.65,,4670.829000000005,No,
2021-01-16 02:30:00,998.69,,488.26,,4670.829000000005,No,
2021-01-16 02:45:00,1016.53,,519.5,,4670.829000000005,No,
2021-01-16 03:00:00,1033.23,,567.06,,4670.829000000005,No,
2021-01-16 03:15:00,1033.19,,608.94,,4670.829000000005,No,
2021-01-16 03:30:00,1041.97,,629.91,,4670.829000000005,No,
2021-01-16 03:45:00,1061.18,,633.7,,4670.829000000005,No,
2021-01-16 04:00:00,1085.58,,660.07,,4670.829000000005,No,
2021-01-16 04:15:00,1067.29,,685.09,,4670.829000000005,No,
2021-01-16 04:30:00,1022.41,,684.29,,4670.829000000005,No,
2021-01-16 04:45:00,1006.51,,689.9,,4670.829000000005,No,
2021-01-16 05:00:00,1030.31,,692.77,,4670.829000000005,No,
2021-01-16 05:15:00,1000.19,,640.44,,4670.829000000005,No,
2021-01-16 05:30:00,946.28,,579.8,,4670.829000000005,No,
2021-01-16 05:45:00,940.23,,591.26,,4670.829000000005,No,
2021-01-16 06:00:00,957.86,,542.74,,4670.829000000005,No,
2021-01-16 06:15:00,976.54,,426.53,,4670.829000000005,No,
2021-01-16 06:30:00,1026.58,,398.45,,4670.829000000005,No,
2021-01-16 06:45:00,1005.86,,463.77,,4670.829000000005,No,
2021-01-16 07:00:00,1064.68,,562.48,,4670.829000000005,No,
2021-01-16 07:15:00,1023.18,,660.36,,4670.829000000005,No,
2021-01-16 07:30:00,1039.8,,850.63,,4670.829000000005,No,
2021-01-16 07:45:00,1091.17,,1030.05,,4670.829000000005,No,
2021-01-16 08:00:00,975.62,,1083.23,,4670.829000000005,No,
2021-01-16 08:15:00,968.07,,1120.41,,4670.829000000005,No,
2021-01-16 08:30:00,928.9,,1127.25,,4670.829000000005,No,
2021-01-16 08:45:00,946.95,,1091.54,,4670.829000000005,No,
2021-01-16 09:00:00,929.08,,1127.77,,4670.829000000005,No,
2021-01-16 09:15:00,921.15,,1215.69,,4670.829000000005,No,
2021-01-16 09:30:00,898.59,,1303.79,,4670.829000000005,No,
2021-01-16 09:45:00,888.22,,1421.88,,4670.829000000005,No,
2021-01-16 10:00:00,869.43,,1587.18,,4670.829000000005,No,
2021-01-16 10:15:00,851.76,,1728.82,,4670.829000000005,No,
2021-01-16 10:30:00,830.46,,1873.79,,4670.829000000005,No,
2021-01-16 10:45:00,825.53,,1986.3,,4670.829000000005,No,
2021-01-16 11:00:00,823.01,,2053.66,,4670.829000000005,No,
2021-01-16 11:15:00,820.79,,2102.2,,4670.829000000005,No,
2021-01-16 11:30:00,818.22,,2159.31,,4670.829000000005,No,
2021-01-16 11:45:00,797.43,,2221.02,,4670.829000000005,No,
2021-01-16 12:00:00,815.23,,2216.66,,4670.829000000005,No,
2021-01-16 12:15:00,820.26,,2241.78,,4670.829000000005,No,
2021-01-16 12:30:00,800.92,,2265.02,,4670.829000000005,No,
2021-01-16 12:45:00,783.28,,2302.9,,4670.829000000005,No,
2021-01-16 13:00:00,754.54,,2325.47,,4670.829000000005,No,
2021-01-16 13:15:00,747.82,,2366.71,,4670.829000000005,No,
2021-01-16 13:30:00,750.1,,2412.98,,4670.829000000005,No,
2021-01-16 13:45:00,749.12,,2441.63,,4670.829000000005,No,
2021-01-16 14:00:00,764.58,,2459.59,,4670.829000000005,No,
2021-01-16 14:15:00,784.2,,2477.22,,4670.829000000005,No,
2021-01-16 14:30:00,782.38,,2516.94,,4670.829000000005,No,
2021-01-16 14:45:00,754.62,,2564.74,,4670.829000000005,No,
2021-01-16 15:00:00,743.52,,2581.02,,4670.829000000005,No,
2021-01-16 15:15:00,744.85,,2606.37,,4670.829000000005,No,
2021-01-16 15:30:00,745.47,,2645.02,,4670.829000000005,No,
2021-01-16 15:45:00,752.04,,2668.8,,4670.829000000005,No,
2021-01-16 16:00:00,755.54,,2695.44,,4670.829000000005,No,
2021-01-16 16:15:00,736.64,,2716.15,,4670.829000000005,No,
2021-01-16 16:30:00,752.75,,2737.63,,4670.829000000005,No,
2021-01-16 16:45:00,754.92,,2764.84,,4670.829000000005,No,
2021-01-16 17:00:00,763.53,,2797.91,,4670.829000000005,No,
2021-01-16 17:15:00,768.21,,2820.47,,4670.829000000005,No,
2021-01-16 17:30:00,751.87,,2846.71,,4670.829000000005,No,
2021-01-16 17:45:00,738.45,,2866.31,,4670.829000000005,No,
2021-01-16 18:00:00,760.15,,2888.13,,4670.829000000005,No,
2021-01-16 18:15:00,788.12,,2904.61,,4670.829000000005,No,
2021-01-16 18:30:00,820.64,,2909.65,,4670.829000000005,No,
2021-01-16 18:45:00,839.23,,2918.48,,4670.829000000005,No,
2021-01-16 19:00:00,845.39,,2925.99,,4670.829000000005,No,
2021-01-16 19:15:00,780.89,,2924.69,,4670.829000000005,No,
2021-01-16 19:30:00,769.83,,2918.33,,4670.829000000005,No,
2021-01-16 19:45:00,745.48,,2919.92,,4670.829000000005,No,
2021-01-16 20:00:00,713.31,,2906.97,,4670.829000000005,No,
2021-01-16 20:15:00,666.43,,2890.13,,4670.829000000005,No,
2021-01-16 20:30:00,617.92,,2886.34,,4670.829000000005,No,
2021-01-16 20:45:00,580.03,,2835.81,,4670.829000000005,No,
2021-01-16 21:00:00,574.87,,2844.25,,4670.829000000005,No,
2021-01-16 21:15:00,573.39,,2790.28,,4670.829000000005,No,
2021-01-16 21:30:00,560.9,,2756.88,,4670.829000000005,No,
2021-01-16 21:45:00,535.49,,2719.78,,4670.829000000005,No,
2021-01-16 22:00:00,510.88,,2667.8,,4670.829000000005,No,
2021-01-16 22:15:00,489.65,,2580.01,,4670.829000000005,No,
2021-01-16 22:30:00,479.26,,2500.42,,4670.829000000005,No,
2021-01-16 22:45:00,463.35,,2432.2,,4670.829000000005,No,
2021-01-16 23:00:00,450.67,,2393.56,,4670.829000000005,No,
2021-01-16 23:15:00,448.18,,2326.14,,4670.829000000005,No,
2021-01-16 23:30:00,442.8,,2267.24,,4670.829000000005,No,
2021-01-16 23:45:00,427.29,,2206.09,,4670.829000000005,No,
2021-01-17 00:00:00,703.49,,2186.92,,4670.829000000005,No,
2021-01-17 00:15:00,702.13,,2088.2,,4670.829000000005,No,
2021-01-17 00:30:00,710.56,,2116.07,,4670.829000000005,No,
2021-01-17 00:45:00,726.31,,2145.14,,4670.829000000005,No,
2021-01-17 01:00:00,770.3,,2174.95,,4670.829000000005,No,
2021-01-17 01:15:00,769.01,,2178.74,,4670.829000000005,No,
2021-01-17 01:30:00,767.52,,2179.55,,4670.829000000005,No,
2021-01-17 01:45:00,774.48,,2160.34,,4670.829000000005,No,
2021-01-17 02:00:00,758.21,,2120.8,,4670.829000000005,No,
2021-01-17 02:15:00,755.03,,2121.39,,4670.829000000005,No,
2021-01-17 02:30:00,751.03,,2082.04,,4670.829000000005,No,
2021-01-17 02:45:00,738.57,,2064.39,,4670.829000000005,No,
2021-01-17 03:00:00,725.1,,2068.5,,4670.829000000005,No,
2021-01-17 03:15:00,714.78,,2028.04,,4670.829000000005,No,
2021-01-17 03:30:00,719.32,,2007.02,,4670.829000000005,No,
2021-01-17 03:45:00,728,,2027.85,,4670.829000000005,No,
2021-01-17 04:00:00,738.57,,2053.67,,4670.829000000005,No,
2021-01-17 04:15:00,747.23,,2059.32,,4670.829000000005,No,
2021-01-17 04:30:00,741.15,,2115.43,,4670.829000000005,No,
2021-01-17 04:45:00,732.54,,2122.09,,4670.829000000005,No,
2021-01-17 05:00:00,723.38,,2136.23,,4670.829000000005,No,
2021-01-17 05:15:00,707.08,,2136.49,,4670.829000000005,No,
2021-01-17 05:30:00,687.02,,2153.11,,4670.829000000005,No,
2021-01-17 05:45:00,667.7,,2166.55,,4670.829000000005,No,
2021-01-17 06:00:00,662.08,,2202.41,,4670.829000000005,No,
2021-01-17 06:15:00,656.34,,2212.29,,4670.829000000005,No,
2021-01-17 06:30:00,648.81,,2253.55,,4670.829000000005,No,
2021-01-17 06:45:00,637.48,,2254,,4670.829000000005,No,
2021-01-17 07:00:00,619.37,,2246.46,,4670.829000000005,No,
2021-01-17 07:15:00,630.09,,2274.43,,4670.829000000005,No,
2021-01-17 07:30:00,624.8,,2270.13,,4670.829000000005,No,
2021-01-17 07:45:00,605.09,,2302.17,,4670.829000000005,No,
2021-01-17 08:00:00,606.72,,2330.59,,4670.829000000005,No,
2021-01-17 08:15:00,613.02,,2340.27,,4670.829000000005,No,
2021-01-17 08:30:00,606.63,,2338.86,,4670.829000000005,No,
2021-01-17 08:45:00,590.04,,2346.95,,4670.829000000005,No,
2021-01-17 09:00:00,575.91,,2362.62,,4670.829000000005,No,
2021-01-17 09:15:00,562.75,,2369.75,,4670.829000000005,No,
2021-01-17 09:30:00,549.72,,2369.93,,4670.829000000005,No,
2021-01-17 09:45:00,553.12,,2404.66,,4670.829000000005,No,
2021-01-17 10:00:00,561.4,,2425.64,,4670.829000000005,No,
2021-01-17 10:15:00,567.95,,2439.56,,4670.829000000005,No,
2021-01-17 10:30:00,573.56,,2467.56,,4670.829000000005,No,
2021-01-17 10:45:00,592.05,,2490.17,,4670.829000000005,No,
2021-01-17 11:00:00,602.53,,2518.56,,4670.829000000005,No,
2021-01-17 11:15:00,611.49,,2545.27,,4670.829000000005,No,
2021-01-17 11:30:00,619.16,,2550.28,,4670.829000000005,No,
2021-01-17 11:45:00,628.23,,2565.55,,4670.829000000005,No,
2021-01-17 12:00:00,639.69,,2558.76,,4670.829000000005,No,
2021-01-17 12:15:00,646.71,,2551.72,,4670.829000000005,No,
2021-01-17 12:30:00,650.21,,2540.28,,4670.829000000005,No,
2021-01-17 12:45:00,653.41,,2567.27,,4670.829000000005,No,
2021-01-17 13:00:00,657.07,,2560.63,,4670.829000000005,No,
2021-01-17 13:15:00,676.5,,2562.39,,4670.829000000005,No,
2021-01-17 13:30:00,680.29,,2549.45,,4670.829000000005,No,
2021-01-17 13:45:00,662.38,,2527.27,,4670.829000000005,No,
2021-01-17 14:00:00,652,,2500.1,,4670.829000000005,No,
2021-01-17 14:15:00,639.43,,2475.66,,4670.829000000005,No,
2021-01-17 14:30:00,657.82,,2447.53,,4670.829000000005,No,
2021-01-17 14:45:00,641.78,,2410.31,,4670.829000000005,No,
2021-01-17 15:00:00,657.54,,2375.75,,4670.829000000005,No,
2021-01-17 15:15:00,677.98,,2357.36,,4670.829000000005,No,
2021-01-17 15:30:00,700.08,,2316.37,,4670.829000000005,No,
2021-01-17 15:45:00,723.54,,2255.97,,4670.829000000005,No,
2021-01-17 16:00:00,777.41,,2209.96,,4670.829000000005,No,
2021-01-17 16:15:00,826.54,,2169.43,,4670.829000000005,No,
2021-01-17 16:30:00,872.51,,2127.58,,4670.829000000005,No,
2021-01-17 16:45:00,914.28,,2073.85,,4670.829000000005,No,
2021-01-17 17:00:00,948.98,,2015.74,,4670.829000000005,No,
2021-01-17 17:15:00,983.99,,1949.39,,4670.829000000005,No,
2021-01-17 17:30:00,1019.92,,1867.23,,4670.829000000005,No,
2021-01-17 17:45:00,1047.43,,1795.25,,4670.829000000005,No,
2021-01-17 18:00:00,1074.68,,1730.53,,4670.829000000005,No,
2021-01-17 18:15:00,1102.36,,1697.5,,4670.829000000005,No,
2021-01-17 18:30:00,1128.63,,1668.2,,4670.829000000005,No,
2021-01-17 18:45:00,1156.83,,1576.49,,4670.829000000005,No,
2021-01-17 19:00:00,1181.08,,1547.98,,4670.829000000005,No,
2021-01-17 19:15:00,1216.13,,1512.74,,4670.829000000005,No,
2021-01-17 19:30:00,1251.85,,1512.55,,4670.829000000005,No,
2021-01-17 19:45:00,1279.63,,1497.97,,4670.829000000005,No,
2021-01-17 20:00:00,1301.18,,1485.92,,4670.829000000005,No,
2021-01-17 20:15:00,1313.1,,1448.48,,4670.829000000005,No,
2021-01-17 20:30:00,1283.78,,1427.9,,4670.829000000005,No,
2021-01-17 20:45:00,1262.05,,1423.13,,4670.829000000005,No,
2021-01-17 21:00:00,1235.54,,1442.11,,4670.829000000005,No,
2021-01-17 21:15:00,1214.75,,1461.14,,4670.829000000005,No,
2021-01-17 21:30:00,1188.91,,1457.93,,4670.829000000005,No,
2021-01-17 21:45:00,1165.32,,1450.45,,4670.829000000005,No,
2021-01-17 22:00:00,1144.84,,1446.38,,4670.829000000005,No,
2021-01-17 22:15:00,1121.85,,1435.9,,4670.829000000005,No,
2021-01-17 22:30:00,1099.38,,1420.12,,4670.829000000005,No,
2021-01-17 22:45:00,1074.04,,1391.91,,4670.829000000005,No,
2021-01-17 23:00:00,1046.05,,1364.59,,4670.829000000005,No,
2021-01-17 23:15:00,1025.56,,1339.08,,4670.829000000005,No,
2021-01-17 23:30:00,1003.09,,1335.79,,4670.829000000005,No,
2021-01-17 23:45:00,1011.46,,1356.08,,4670.829000000005,No,
2021-01-18 00:00:00,2517.94,,1364.16,,4670.829000000005,No,
2021-01-18 00:15:00,2564.31,,1321.04,,4670.829000000005,No,
2021-01-18 00:30:00,2557.93,,1317.43,,4670.829000000005,No,
2021-01-18 00:45:00,2566.21,,1318.56,,4670.829000000005,No,
2021-01-18 01:00:00,2554.69,,1327.61,,4670.829000000005,No,
2021-01-18 01:15:00,2556.97,,1346.82,,4670.829000000005,No,
2021-01-18 01:30:00,2539.24,,1356.92,,4670.829000000005,No,
2021-01-18 01:45:00,2573.77,,1379.36,,4670.829000000005,No,
2021-01-18 02:00:00,2601.78,,1398.64,,4670.829000000005,No,
2021-01-18 02:15:00,2597.24,,1400.15,,4670.829000000005,No,
2021-01-18 02:30:00,2611.8,,1366.48,,4670.829000000005,No,
2021-01-18 02:45:00,2648.35,,1364.19,,4670.829000000005,No,
2021-01-18 03:00:00,2677.98,,1389.33,,4670.829000000005,No,
2021-01-18 03:15:00,2672.01,,1417.02,,4670.829000000005,No,
2021-01-18 03:30:00,2646.87,,1450.02,,4670.829000000005,No,
2021-01-18 03:45:00,2654.36,,1502.64,,4670.829000000005,No,
2021-01-18 04:00:00,2623.92,,1537.65,,4670.829000000005,No,
2021-01-18 04:15:00,2624.35,,1610.19,,4670.829000000005,No,
2021-01-18 04:30:00,2595.7,,1637.6,,4670.829000000005,No,
2021-01-18 04:45:00,2557.9,,1667.77,,4670.829000000005,No,
2021-01-18 05:00:00,2542.37,,1703.64,,4670.829000000005,No,
2021-01-18 05:15:00,2552.38,,1756.07,,4670.829000000005,No,
2021-01-18 05:30:00,2532.26,,1815.77,,4670.829000000005,No,
2021-01-18 05:45:00,2474.85,,1814.48,,4670.829000000005,No,
2021-01-18 06:00:00,2412.91,,1843.5,,4670.829000000005,No,
2021-01-18 06:15:00,2383.24,,1863.68,,4670.829000000005,No,
2021-01-18 06:30:00,2353.06,,1875.88,,4670.829000000005,No,
2021-01-18 06:45:00,2306.07,,1896.26,,4670.829000000005,No,
2021-01-18 07:00:00,2282.72,,1928.97,,4670.829000000005,No,
2021-01-18 07:15:00,2286.85,,1969.08,,4670.829000000005,No,
2021-01-18 07:30:00,2277.48,,2027.41,,4670.829000000005,No,
2021-01-18 07:45:00,2266.37,,2071.18,,4670.829000000005,No,
2021-01-18 08:00:00,2541.25,,2066.87,,4670.829000000005,No,
2021-01-18 08:15:00,2518.3,,2096.45,,4670.829000000005,No,
2021-01-18 08:30:00,2496.53,,2112.03,,4670.829000000005,No,
2021-01-18 08:45:00,2484.81,,2139.93,,4670.829000000005,No,
2021-01-18 09:00:00,2460.18,,2158.22,,4670.829000000005,No,
2021-01-18 09:15:00,2436.67,,2184.6,,4670.829000000005,No,
2021-01-18 09:30:00,2410.95,,2210.36,,4670.829000000005,No,
2021-01-18 09:45:00,2366.7,,2238.72,,4670.829000000005,No,
2021-01-18 10:00:00,2403.88,,2251.02,,4670.829000000005,No,
2021-01-18 10:15:00,2391.42,,2284.18,,4670.829000000005,No,
2021-01-18 10:30:00,2366.12,,2313.97,,4670.829000000005,No,
2021-01-18 10:45:00,2340.85,,2312.18,,4670.829000000005,No,
2021-01-18 11:00:00,2297.77,,2316.67,,4670.829000000005,No,
2021-01-18 11:15:00,2260.05,,2359.74,,4670.829000000005,No,
2021-01-18 11:30:00,2234.11,,2356.67,,4670.829000000005,No,
2021-01-18 11:45:00,2305.38,,2396.75,,4670.829000000005,No,
2021-01-18 12:00:00,2271.39,,2408.78,,4670.829000000005,No,
2021-01-18 12:15:00,2255.95,,2435.79,,4670.829000000005,No,
2021-01-18 12:30:00,2200.31,,2435.03,,4670.829000000005,No,
2021-01-18 12:45:00,2169.05,,2442.63,,4670.829000000005,No,
2021-01-18 13:00:00,2156.64,,2466.15,,4670.829000000005,No,
2021-01-18 13:15:00,2144.46,,2416.01,,4670.829000000005,No,
2021-01-18 13:30:00,2153.21,,2397.07,,4670.829000000005,No,
2021-01-18 13:45:00,2160.07,,2374,,4670.829000000005,No,
2021-01-18 14:00:00,2134.51,,2333.07,,4670.829000000005,No,
2021-01-18 14:15:00,2089.13,,2344.37,,4670.829000000005,No,
2021-01-18 14:30:00,2084.03,,2308.52,,4670.829000000005,No,
2021-01-18 14:45:00,2048.44,,2284.2,,4670.829000000005,No,
2021-01-18 15:00:00,2044.77,,2224,,4670.829000000005,No,
2021-01-18 15:15:00,2047.58,,2183.81,,4670.829000000005,No,
2021-01-18 15:30:00,2022.79,,2181.65,,4670.829000000005,No,
2021-01-18 15:45:00,1965.21,,2177.92,,4670.829000000005,No,
2021-01-18 16:00:00,1958.45,,2156.77,,4670.829000000005,No,
2021-01-18 16:15:00,1975.21,,2115.87,,4670.829000000005,No,
2021-01-18 16:30:00,1971.82,,2091.11,,4670.829000000005,No,
2021-01-18 16:45:00,1945.44,,2064.78,,4670.829000000005,No,
2021-01-18 17:00:00,1922.53,,2039.74,,4670.829000000005,No,
2021-01-18 17:15:00,1894.98,,2039.17,,4670.829000000005,No,
2021-01-18 17:30:00,1864.11,,2037.34,,4670.829000000005,No,
2021-01-18 17:45:00,1821.22,,2034.88,,4670.829000000005,No,
2021-01-18 18:00:00,1774.86,,2030.78,,4670.829000000005,No,
2021-01-18 18:15:00,1770.99,,2028.14,,4670.829000000005,No,
2021-01-18 18:30:00,1835.97,,2031.76,,4670.829000000005,No,
2021-01-18 18:45:00,1898.86,,2027.53,,4670.829000000005,No,
2021-01-18 19:00:00,1967.09,,2024.88,,4670.829000000005,No,
2021-01-18 19:15:00,2014.29,,2026.01,,4670.829000000005,No,
2021-01-18 19:30:00,2046.42,,1998.62,,4670.829000000005,No,
2021-01-18 19:45:00,2036.31,,1973.33,,4670.829000000005,No,
2021-01-18 20:00:00,2034.5,,1944.39,,4670.829000000005,No,
2021-01-18 20:15:00,2015.35,,1919.88,,4670.829000000005,No,
2021-01-18 20:30:00,2018.96,,1930.05,,4670.829000000005,No,
2021-01-18 20:45:00,2062.95,,2014.87,,4670.829000000005,No,
2021-01-18 21:00:00,2079.35,,2018.25,,4670.829000000005,No,
2021-01-18 21:15:00,2136.02,,2026.54,,4670.829000000005,No,
2021-01-18 21:30:00,2156.81,,2054.38,,4670.829000000005,No,
2021-01-18 21:45:00,2180.8,,2052.74,,4670.829000000005,No,
2021-01-18 22:00:00,2220.25,,2039.14,,4670.829000000005,No,
2021-01-18 22:15:00,2338.77,,2035.26,,4670.829000000005,No,
2021-01-18 22:30:00,2454.02,,2046.51,,4670.829000000005,No,
2021-01-18 22:45:00,2545.26,,2044.41,,4670.829000000005,No,
2021-01-18 23:00:00,2669.44,,2044.25,,4670.829000000005,No,
2021-01-18 23:15:00,2712.17,,2045.31,,4670.829000000005,No,
2021-01-18 23:30:00,2733.85,,2035.69,,4670.829000000005,No,
2021-01-18 23:45:00,2742.19,,2035.1,,4670.829000000005,No,
